Users Link,User Name,Followers,Following,Tracks
https://soundcloud.com/meemedia,Mee Media,"8,749",1,3
https://soundcloud.com/bacsihai,BÃ¡c sÄ© Háº£i,353,29,2
https://soundcloud.com/bacsihai,BÃ¡c sÄ© Háº£i,"3,268",0,630
https://soundcloud.com/eezayiang,Giang To,51.9K,"1,408",10
https://soundcloud.com/h-a-l-ng-c,Bum Pro.D,128,0,12
https://soundcloud.com/alexmussic,Music Is LifeğŸ’,16,0,2
https://soundcloud.com/binh-ho-310210397,BÃ¬nh Há»“ Official,935,1,3
https://soundcloud.com/ti-n-kh-103782530,Khang Heo âœª,129K,602,80
https://soundcloud.com/caoanh-tuan,caoanh tuan,67.1K,1,20
https://soundcloud.com/chuoi-t-y,BANANA âœª,67.1K,1,20
https://soundcloud.com/dj-tin-5,DJ TiLo,77.2K,546,36
https://soundcloud.com/anhthepham-240299,ABIG,77.2K,546,36
https://soundcloud.com/music-doctor,MUSIC DOCTOR Record,346K,949,210
https://soundcloud.com/dj-minh-tri-202,minhtri88883,337,12,35
https://soundcloud.com/justfuturedaproducer,Future Da Producer,50,0,4
https://soundcloud.com/hung-76726861,Hung,"9,296",3,4
https://soundcloud.com/tu-n-t-rin-xu,Tuáº¥n TrinXu âœª,24K,764,60
https://soundcloud.com/nguyen-anh-haii,NaH,91,27,8
https://soundcloud.com/msclak,MSC LAK,21.7K,49,10
https://soundcloud.com/binh-ho-310210397,BÃ¬nh Há»“ Official,"9,069",288,148
https://soundcloud.com/vux0501,VUX,"4,058",20,2
https://soundcloud.com/xuanphucsandjprod,I'm SAN,652,4,13
https://soundcloud.com/anh-milano-entertainment,Long Tu 0828444429,"5,920",230,14
https://soundcloud.com/d-ng-ho-ng-d-ng-421312179,Yang Remix (ChÃ­nh Chá»§),"1,282",7,21
https://soundcloud.com/khu-tr-ng-790123094,TK,"4,563",271,98
https://soundcloud.com/djsoidolce,I'm Soi Dolce,24.7K,3,2
https://soundcloud.com/binh-ho-310210397,BÃ¬nh Há»“ Official,"8,438",315,31
https://soundcloud.com/brobear89,BroBear Remix,129K,602,80
https://soundcloud.com/c-h-a-n-g-724613134,JIANG,709,2,3
https://soundcloud.com/phi-thanh-official,Phi ThÃ nh Official,26.4K,36,12
https://soundcloud.com/user-870584136,Tinau(Nick phá»¥),11K,150,47
https://soundcloud.com/justfuturedaproducer,Future Da Producer,67.1K,1,20
https://soundcloud.com/ldlentertainment,LDL Entertainment,80,169,3
https://soundcloud.com/nguy-n-gia-b-o-482292588,BAO TENG,492,10,29
https://soundcloud.com/hinh-nguy-n-656438818,DJ KATANA,"4,068",1,13
https://soundcloud.com/chuoi-t-y,BANANA âœª,36.8K,"1,562",41
https://soundcloud.com/b-i-h-i-anh-693700283,Vinahouse - Dance - EDM - Remix Music,"9,069",288,148
https://soundcloud.com/ti-n-d-ng-483096509,DJ Drop âœª,29.3K,616,29
https://soundcloud.com/dj-tin-5,DJ TiLo,27,0,5
https://soundcloud.com/binh-ho-310210397,BÃ¬nh Há»“ Official,"2,624",97,34
https://soundcloud.com/user-665097464,bac mt,51.9K,"1,408",10
https://soundcloud.com/0942400573-518991315,0942400573,"1,749",411,19
https://soundcloud.com/user-976661844,User 976661844,39.3K,37,200
https://soundcloud.com/eezayiang,Giang To,65,1,8
https://soundcloud.com/tacongtung,DJ TCT MUSIC - 0971345286,"2,764",759,4
https://soundcloud.com/gherardofabrizio,Gherardo Fabrizio,"4,071",558,8
https://soundcloud.com/huydx,Huydx,655,0,2
https://soundcloud.com/h-a-t-511862450,Minh TÃº,852,"1,151",3
https://soundcloud.com/quang-le-819563502,Quang Le,346K,949,210
https://soundcloud.com/oni-king,ğ“—ğ“²ğ“®Ì£Ì‚ğ“¹ ğ“Ÿğ“±ğ“ªÌ£ğ“¶,67.1K,1,20
https://soundcloud.com/youngcrizzal,YC,"2,221",578,1
https://soundcloud.com/l2share140,L2Shareâ™«140,23.5K,15,40
https://soundcloud.com/lilyafuuu,yafu,"2,217",136,33
https://soundcloud.com/lam-quang-243035270,Lkang,"2,877",9,7
https://soundcloud.com/tientienofficial,TIEN TIEN,51.4K,25,54
https://soundcloud.com/66ison,Gia CÃ¡t Tháº¡ch,91,0,35
https://soundcloud.com/nguy-n-to-n-401524044,ğš’ ğš‘ğšŠğšŸğš ğšŠ ğšœğš•ğš˜ğš ğšğš ğšœğš˜ğš—ğš,"9,572",29,12
https://soundcloud.com/vunganmy,Vu Ngan My,51.4K,25,54
https://soundcloud.com/user-73277016,Qi,125K,47,74
https://soundcloud.com/andiez95,Andiez,125K,47,74
https://soundcloud.com/rumrumne,Rum,28.3K,802,58
https://soundcloud.com/user-801131155,ğŸ¹ ğŸ· ğŸ¶ ğŸ½,899,0,11
https://soundcloud.com/unk-t,UNK-Team,54.8K,118,46
https://soundcloud.com/youngcrizzal,YC,550,16,11
https://soundcloud.com/h-ng-v-787579738,ğš‘ğšğš ğš—ğš,50.5K,10,16
https://soundcloud.com/sonbeat21,SONBEAT,592,0,11
https://soundcloud.com/user-801131155,ğŸ¹ ğŸ· ğŸ¶ ğŸ½,246,0,4
https://soundcloud.com/andiez95,Andiez,52,5,9
https://soundcloud.com/h-ng-quang-834488889,Quang,"3,948",3,36
https://soundcloud.com/metubmusic,MMusic,977,102,7
https://soundcloud.com/t-o-t-nh-t-m,TÃ¡o,200K,32,62
https://soundcloud.com/rumrumne,Rum,"3,948",3,36
https://soundcloud.com/toulouse28,lÃ³use,899,0,11
https://soundcloud.com/quyen-quyen-449202674,dpq=)),857,0,5
https://soundcloud.com/vit-tin,VeeTee,232,1,3
https://soundcloud.com/mint-116031688,MINT,558,8,14
https://soundcloud.com/juund,JUUN D,"9,572",29,12
https://soundcloud.com/21l0i,LV,498,2,55
https://soundcloud.com/nguy-n-to-n-401524044,ğš’ ğš‘ğšŠğšŸğš ğšŠ ğšœğš•ğš˜ğš ğšğš ğšœğš˜ğš—ğš,275,0,18
https://soundcloud.com/toilavu,"VÅ©,",268,1,13
https://soundcloud.com/nguy-n-to-n-401524044,ğš’ ğš‘ğšŠğšŸğš ğšŠ ğšœğš•ğš˜ğš ğšğš ğšœğš˜ğš—ğš,14K,111,21
https://soundcloud.com/l_iiam,Liam,329,64,18
https://soundcloud.com/jannina-weigel,Jannine Weigel,266,64,136
https://soundcloud.com/camdaily,tad,"1,671",15,22
https://soundcloud.com/thquynh-tran,Shiraz,12.1K,49,28
https://soundcloud.com/music-anime-754177858,Rei,"9,572",29,12
https://soundcloud.com/66ison,Gia CÃ¡t Tháº¡ch,501,0,12
https://soundcloud.com/phu-hoang-146874860,punnas,"3,948",3,36
https://soundcloud.com/decabrodamusicvietnam,Decabroda Music Vietnam,"2,489",2,14
https://soundcloud.com/phu-khanh-602508529,Kane,59,0,14
https://soundcloud.com/nguy-n-tu-n-anh-895708401,Sunny,"1,291",1,5
https://soundcloud.com/gangs-rap,G A N G $,257,5,1
https://soundcloud.com/user-73827147,Dick - Báº¡n CÃ³ TÃ i MÃ ,22.6K,13,15
https://soundcloud.com/double-blue,D.Blue,978,102,7
https://soundcloud.com/h-ng-nguy-n-v-n-944348134,HÆ°á»Ÿng Nguyá»…n VÄƒn,200K,32,62
https://soundcloud.com/pkvpro123,Khoi Vu,"1,590",0,14
https://soundcloud.com/toilavu,"VÅ©,",137,0,22
https://soundcloud.com/rumrumne,Rum,37.3K,13,87
https://soundcloud.com/khoavu,Khoa VÅ©,"9,834",214,92
https://soundcloud.com/hieutranmusicproducer,Hieu Tran Music Producer,"2,608",2,79
https://soundcloud.com/ph-m-ho-ng-kim-ng-n-167582487,Nan Kohsoom Ho,745,32,8
https://soundcloud.com/ronniboi,Ronniboi,359,5,2
https://soundcloud.com/leminhchuc,Cofm â™«,19.6K,69,89
https://soundcloud.com/quynhdotua,TÃ™A,"4,068",1,13
https://soundcloud.com/nh4t-entertainment,NH4T,"1,542",19,7
https://soundcloud.com/vunganmy,Vu Ngan My,379,0,32
https://soundcloud.com/caphesuad4,ğ‘ªğ’‚Ì€ ğ’‘ğ’‰ğ’†Ì‚ ğ’”ğ’–Ì›Ìƒğ’‚ (Ä‘Ã¡) â˜•,43,0,9
https://soundcloud.com/beebb,BeeBB,481,3,93
https://soundcloud.com/ti-n-l-ng-thanh,Kevinnnz,248,31,2
https://soundcloud.com/officialvrt,VRT,14,0,3
https://soundcloud.com/h-ng-s-nn-505395159,Cloud 5,"1,721",10,14
https://soundcloud.com/c-nguy-n-827842188,X.O Chill,550,16,11
https://soundcloud.com/bla-bla-391701653,Jay Li,13.9K,69,222
https://soundcloud.com/deeyouseeprod,DeeYouSee,"2,748",0,29
https://soundcloud.com/akiraphan,Akira Phan,"2,460",17,24
https://soundcloud.com/charlesnkeys,CHARLES.,210,23,28
https://soundcloud.com/hieuz-music,Hieuz â™ª,"7,419",110,59
https://soundcloud.com/vux0501,VUX,"2,015",100,32
https://soundcloud.com/di-u-l-43715606,Diá»‡u LÃª,"5,335",8,9
https://soundcloud.com/user-8866797,Marchino,493,10,29
https://soundcloud.com/c-h-a-n-g-724613134,JIANG,653,1,17
https://soundcloud.com/linhkhv,Linh,226,0,9
https://soundcloud.com/truc-vo-871617986,Thanh Truc Vo,"2,757",155,11
https://soundcloud.com/charlesnkeys,CHARLES.,427,8,120
https://soundcloud.com/teeayz,teeayz,"4,068",1,13
https://soundcloud.com/ngaadethuongnhathemattroi,Mie,240,0,4
https://soundcloud.com/ph-nguy-n-510930624,PhuTs EDM,902,51,7
https://soundcloud.com/dgthanhdong,boy in da hood,363,0,13
https://soundcloud.com/lyrics-of-edm,F2 RECORDS,"1,726",53,7
https://soundcloud.com/nhan-phuc-565795404,Phuc Nhan,733,107,23
https://soundcloud.com/my-hanah,sadgrl,161,0,5
https://soundcloud.com/charlesnkeys,CHARLES.,629,20,49
https://soundcloud.com/deonoxivar,DEON OXIVAR,19.6K,69,89
https://soundcloud.com/user-712654135,HyDo,554,51,3
https://soundcloud.com/glee-ams,Glee Ams,208,230,1
https://soundcloud.com/h-u-nguy-n-140355576,Xian Ken,42,6,4
https://soundcloud.com/the-shaunz,Shaun,28,5,3
https://soundcloud.com/vux0501,VUX,"6,502",4,105
https://soundcloud.com/user-372173851,Atfara Music,"4,671",5,28
https://soundcloud.com/ngoc-minh-807782026,huh,"1,480",24,8
https://soundcloud.com/v-b-ng-d,Sa.Wan,548,7,4
https://soundcloud.com/hiderway,Hiderway,19.6K,69,89
https://soundcloud.com/r-e-cords-z-z-z-1,ZRecords,"9,676",241,24
https://soundcloud.com/tr-n-tr-ng-l-ng-278518794,Tráº§n Trá»ng LÆ°Æ¡ng,164,27,9
https://soundcloud.com/kproxremix,KProx,363,0,13
https://soundcloud.com/hieutranmusicproducer,Hieu Tran Music Producer,169,5,17
https://soundcloud.com/lilgeepham,LilGee Pham,25,5,1
https://soundcloud.com/truc-vo-871617986,Thanh Truc Vo,993,14,40
https://soundcloud.com/winnodamidside,Hustlang Winno ğŸ‰ğŸ,"1,585",14,46
https://soundcloud.com/t-h-i-n-h-h-o,THINHHO,"9,028",18,37
https://soundcloud.com/youngcrizzal,YC,321,119,42
https://soundcloud.com/hieutranmusicproducer,Hieu Tran Music Producer,"2,624",97,34
https://soundcloud.com/l2share140,L2Shareâ™«140,125K,47,74
https://soundcloud.com/user-580335475,ğ˜‚ğ—ºğ—°ğ—»ğ—´ğ—±ğ—° ğŸ¶,43,0,9
https://soundcloud.com/lilyafuuu,yafu,"2,877",9,7
https://soundcloud.com/ph-m-ho-ng-kim-ng-n-167582487,Nan Kohsoom Ho,"4,068",1,13
https://soundcloud.com/lam-quang-243035270,Lkang,"1,728",39,12
https://soundcloud.com/hawysmusic,Hawys.,655,0,2
https://soundcloud.com/vux0501,VUX,"2,608",2,79
https://soundcloud.com/1967lofimusic,1967 Music,"9,028",18,37
https://soundcloud.com/mickeyxxxminnie,Äáº·ng Gia Linh,"9,028",18,37
https://soundcloud.com/hawysmusic,Hawys.,20.2K,"1,962",67
https://soundcloud.com/hawysmusic,Hawys.,50.5K,10,16
https://soundcloud.com/pxcmxn,RPT Phongkhin,282,0,22
https://soundcloud.com/ronniboi,Ronniboi,"1,940",43,32
https://soundcloud.com/ph-ph-i-s,TaylorDaClownn.,23.8K,80,85
https://soundcloud.com/tientienofficial,TIEN TIEN,"2,608",2,79
https://soundcloud.com/66ison,Gia CÃ¡t Tháº¡ch,"7,419",110,59
https://soundcloud.com/shenlong_production,ShenlongZ,"2,015",100,32
https://soundcloud.com/leminhchuc,Cofm â™«,"5,335",8,9
https://soundcloud.com/quynhdotua,TÃ™A,979,102,7
https://soundcloud.com/kimmese,Kimmese,13.9K,69,222
https://soundcloud.com/nguy-n-to-n-401524044,ğš’ ğš‘ğšŠğšŸğš ğšŠ ğšœğš•ğš˜ğš ğšğš ğšœğš˜ğš—ğš,21.4K,13,18
https://soundcloud.com/touliver,Touliver,550,16,11
https://soundcloud.com/vunganmy,Vu Ngan My,"3,948",3,36
https://soundcloud.com/rapital,Rapital,52,5,9
https://soundcloud.com/user-73277016,Qi,379,0,32
https://soundcloud.com/nh4t-entertainment,NH4T,32.1K,31,38
https://soundcloud.com/vunganmy,Vu Ngan My,"1,721",10,14
https://soundcloud.com/caphesuad4,ğ‘ªğ’‚Ì€ ğ’‘ğ’‰ğ’†Ì‚ ğ’”ğ’–Ì›Ìƒğ’‚ (Ä‘Ã¡) â˜•,248,31,2
https://soundcloud.com/beebb,BeeBB,550,16,11
https://soundcloud.com/r-e-cords-z-z-z-1,ZRecords,170K,68,181
https://soundcloud.com/andiez95,Andiez,"1,157",2,8
https://soundcloud.com/h-ng-v-787579738,ğš‘ğšğš ğš—ğš,629,20,49
https://soundcloud.com/kimmese,Kimmese,592,0,11
https://soundcloud.com/rumrumne,Rum,"9,572",29,12
https://soundcloud.com/nyctophilia_vn,Nyctophilia,51.4K,25,54
https://soundcloud.com/orion-bui,Orion Bui,251,6,47
https://soundcloud.com/ti-n-l-ng-thanh,Kevinnnz,900,0,11
https://soundcloud.com/odayconhacthuii,odayconhacthuii,"2,481",101,370
https://soundcloud.com/user-801131155,ğŸ¹ ğŸ· ğŸ¶ ğŸ½,32.1K,31,38
https://soundcloud.com/unk-t,UNK-Team,630,25,13
https://soundcloud.com/officialvrt,VRT,"2,217",136,33
https://soundcloud.com/h-ng-s-nn-505395159,Cloud 5,"9,028",18,37
https://soundcloud.com/fishy1301,fishy,"2,460",17,24
https://soundcloud.com/tacongtung,DJ TCT MUSIC - 0971345286,629,20,49
https://soundcloud.com/tri-beat,TrÃ­ Beat,592,0,11
https://soundcloud.com/winnodamidside,Hustlang Winno ğŸ‰ğŸ,"1,987",12,6
https://soundcloud.com/t-h-i-n-h-h-o,THINHHO,208,230,1
https://soundcloud.com/user-580335475,ğ˜‚ğ—ºğ—°ğ—»ğ—´ğ—±ğ—° ğŸ¶,39.3K,37,200
https://soundcloud.com/hawysmusic,Hawys.,"9,676",241,24
https://soundcloud.com/vux0501,VUX,"1,157",2,8
https://soundcloud.com/1967lofimusic,1967 Music,630,25,13
https://soundcloud.com/mickeyxxxminnie,Äáº·ng Gia Linh,"4,068",1,13
https://soundcloud.com/hawysmusic,Hawys.,282,0,22
https://soundcloud.com/hawysmusic,Hawys.,321,119,42
https://soundcloud.com/pxcmxn,RPT Phongkhin,170K,68,181
https://soundcloud.com/shenlong_production,ShenlongZ,"1,728",39,12
https://soundcloud.com/touliver,Touliver,"1,987",12,6
https://soundcloud.com/r-e-cords-z-z-z-1,ZRecords,"9,028",18,37
https://soundcloud.com/h-ng-v-787579738,ğš‘ğšğš ğš—ğš,20.2K,"1,962",67
https://soundcloud.com/orion-bui,Orion Bui,745,32,8
https://soundcloud.com/odayconhacthuii,odayconhacthuii,"9,028",18,37
https://soundcloud.com/fishy1301,fishy,23.8K,80,85
https://soundcloud.com/tri-beat,TrÃ­ Beat,251,6,47
https://soundcloud.com/b-i-linh-7,buitruonglinh,668,4,51
https://soundcloud.com/slowedxxl,*+ slowed vibes +**,10.4K,33,6
https://soundcloud.com/hoai-linh-946093491,DARLING,210,23,28
https://soundcloud.com/tr-n-cho-tui,Anh Minh,"9,408",3,54
https://soundcloud.com/deeyouseeprod,DeeYouSee,629,20,49
https://soundcloud.com/r-e-cords-z-z-z-1,ZRecords,"1,942",21,23
https://soundcloud.com/notafraidofficial,NOT AFRAID MUSIC,78,11,12
https://soundcloud.com/pkvpro123,Khoi Vu,379,0,32
https://soundcloud.com/nh4t-entertainment,NH4T,827,13,12
https://soundcloud.com/h-a-music-b,H.A Music B,"1,711",56,12
https://soundcloud.com/adedmusicgroup,ADED Music Group,14K,111,21
https://soundcloud.com/japannezz,mnhat.peo,13.9K,69,222
https://soundcloud.com/fan-cris28-1,Long Nguyá»…n,567,4,25
https://soundcloud.com/c-anh-454286221,Äá»©c Anh,"1,799",6,6
https://soundcloud.com/officialvrt,VRT,"2,492",5,43
https://soundcloud.com/hieuthuhai,HIEUTHUHAI,20,2,3
https://soundcloud.com/beebb,BeeBB,733,1,18
https://soundcloud.com/nh4t-entertainment,NH4T,"2,460",17,24
https://soundcloud.com/metubmusic,MMusic,55,11,2
https://soundcloud.com/080201271100,PhuBinh,91,0,35
https://soundcloud.com/luxofons,LuxÃ¸fons,379,0,32
https://soundcloud.com/justmhien04,mnhien,"2,064",122,46
https://soundcloud.com/mai-d-ng-542126627,Mai DÅ©ng,39.6K,95,16
https://soundcloud.com/tuanazh999,à¹–Tuáº¥n._Azhà¹–,984,5,9
https://soundcloud.com/drmv4aug,Dreamble,"1,324",136,10
https://soundcloud.com/r-e-cords-z-z-z-1,ZRecords,"1,110",324,50
https://soundcloud.com/winnodamidside,Hustlang Winno ğŸ‰ğŸ,629,20,49
https://soundcloud.com/onionn,Onionn.,"1,291",1,5
https://soundcloud.com/lu-lao-leu,I'm Trung Ngon    âœ…,32.4K,416,29
https://soundcloud.com/21l0i,LV,"9,676",241,24
https://soundcloud.com/youngcrizzal,YC,125K,47,74
